"","ID","LieDay","LIE_10","LIE_9","LIE_14","LIE_18","LIE_4","LIE_5","LIE_23","LIE_1","LIE_41","LIE_25","LIE_44","LIE_34","LIE_43","LIE_33","LIE_42","LIE_39","LieWeek","DS_Frequency","DS_Ability","DS_Negativity","DS_Contextuality","grandmean"
"1","4",1,-5,-5,-1.99115044247788,-5,-8.88178419700125e-16,-5,-5,-3.29457364341085,5,5,5,5,5,5,-2.94117647058824,5,5,-1.61514883661193,-4.38437568870288,2.2398611644822,0.436743490319271,-0.830729967628336
"2","5",1,5,5,5,-1.70588235294118,-5,5,5,5,-5,5,5,-5,-5,5,5,-5,5,3.77408298369724,3.80408018787545,-1.99499374532664,-0.907758632198484,1.16885269851189
"3","6",3,2.06521739130435,-1.20967741935484,-5,5,5,5,-1.53465346534653,-5,5,-5,-5,3.85,-4.6,-5,-5,-0.901639344262295,5,2.5516537122284,0.476721668760582,-0.995037108485399,-4.26216906125119,-0.5572076971869
